ID,Title,Genre,Director,Year,Runtime_Minutes,Rating,Votes,Revenue_Millions
1,Guardians of the Galaxy,Action,James Gunn,2014,121,8.1,757074,333.13
2,Prometheus,Adventure,Ridley Scott,2012,124,7.0,485820,126.46
3,Split,Horror,M. Night Shyamalan,2016,117,7.3,157606,138.12
4,Sing,Animation,Christophe Lourdelet,2016,108,7.2,60545,270.32
5,Suicide Squad,Action,David Ayer,2016,123,6.2,393727,325.02
6,The Great Wall,Action,Yimou Zhang,2016,103,6.1,56036,45.13
7,La La Land,Comedy,Damien Chazelle,2016,128,8.3,258682,151.06
8,Mindhorn,Comedy,Sean Foley,2016,89,6.4,2490,
10,Passengers,Adventure,Morten Tyldum,2016,116,7.0,192177,100.01
11,Fantastic Beasts and Where to Find Them,Adventure,David Yates,2016,133,7.5,232072,234.02
12,Hidden Figures,Biography,Theodore Melfi,2016,127,7.8,93103,169.27
13,Rogue One,Action,Gareth Edwards,2016,133,7.9,323118,532.17
14,Moana,Animation,Ron Clements,2016,107,7.7,118151,248.75
16,The Secret Life of Pets,Animation,Chris Renaud,2016,87,6.6,120259,368.31
17,Hacksaw Ridge,Biography,Mel Gibson,2016,139,8.2,211760,67.12
18,Jason Bourne,Action,Paul Greengrass,2016,123,6.7,150823,162.16
19,Lion,Biography,Garth Davis,2016,118,8.1,102061,51.69
20,Arrival,Drama,Denis Villeneuve,2016,116,8.0,340798,100.50
22,Manchester by the Sea,Drama,Kenneth Lonergan,2016,137,7.9,134213,47.70
23,Hounds of Love,Crime,Ben Young,2016,108,6.7,1115,
24,Trolls,Animation,Walt Dohrn,2016,92,6.5,38552,153.69
25,Independence Day: Resurgence,Action,Roland Emmerich,2016,120,5.3,127553,103.14
26,Paris pieds nus,Comedy,Dominique Abel,2016,83,6.8,222,
29,Bad Moms,Comedy,Jon Lucas,2016,100,6.2,66540,113.08
30,Assassin's Creed,Action,Justin Kurzel,2016,115,5.9,112813,54.65
31,Why Him?,Comedy,John Hamburg,2016,111,6.3,48123,60.31
33,X-Men: Apocalypse,Action,Bryan Singer,2016,144,7.1,275510,155.33
34,Deadpool,Action,Tim Miller,2016,108,8.0,627797,363.02
35,Resident Evil: The Final Chapter,Action,Paul W.S. Anderson,2016,107,5.6,46165,26.84
36,Captain America: Civil War,Action,Anthony Russo,2016,147,7.9,411656,408.08
37,Interstellar,Adventure,Christopher Nolan,2014,169,8.6,1047747,187.99
38,Doctor Strange,Action,Scott Derrickson,2016,115,7.6,293732,232.60
39,The Magnificent Seven,Action,Antoine Fuqua,2016,132,6.9,122853,93.38
40,5- 25- 77,Comedy,Patrick Read Johnson,2007,113,7.1,241,
41,Sausage Party,Animation,Greg Tiernan,2016,89,6.3,120690,97.66
42,Moonlight,Drama,Barry Jenkins,2016,111,7.5,135095,27.85
43,Don't Fuck in the Woods,Horror,Shawn Burkett,2016,73,5.0,496,
46,Pirates of the Caribbean: On Stranger Tides,Action,Rob Marshall,2011,136,6.7,395025,241.06
48,Fallen,Adventure,Scott Hicks,2016,91,5.6,5103,
49,Star Trek Beyond,Action,Justin Lin,2016,122,7.1,164567,158.80
50,The Last Face,Drama,Sean Penn,2016,130,5.0,987,
51,Star Wars: Episode VII - The Force Awakens,Action,J.J. Abrams,2015,136,8.1,661608,936.63
52,Underworld: Blood Wars,Action,Anna Foerster,2016,91,5.8,41362,30.35
53,Mother's Day,Comedy,Garry Marshall,2016,118,5.6,20221,32.46
54,John Wick,Action,Chad Stahelski,2014,101,7.2,321933,43.00
55,The Dark Knight,Action,Christopher Nolan,2008,152,9.0,1791916,533.32
57,Don't Breathe,Crime,Fede Alvarez,2016,88,7.2,121103,89.21
58,Me Before You,Drama,Thea Sharrock,2016,106,7.4,113322,56.23
60,Sully,Biography,Clint Eastwood,2016,96,7.5,137608,125.07
61,Batman v Superman: Dawn of Justice,Action,Zack Snyder,2016,151,6.7,472307,330.25
62,The Autopsy of Jane Doe,Horror,André Øvredal,2016,86,6.8,35870,
63,The Girl on the Train,Crime,Tate Taylor,2016,112,6.5,102177,75.31
64,Fifty Shades of Grey,Drama,Sam Taylor-Johnson,2015,125,5.0,244474,166.15
65,The Prestige,Drama,Christopher Nolan,2006,130,8.5,913152,53.08
66,Kingsman: The Secret Service,Action,Matthew Vaughn,2014,129,7.7,440209,128.25
67,Patriots Day,Drama,Peter Berg,2016,133,7.4,39784,31.86
68,Mad Max: Fury Road,Action,George Miller,2015,120,8.1,632842,153.63
70,Deepwater Horizon,Action,Peter Berg,2016,107,7.2,89849,61.28
71,The Promise,Drama,Terry George,2016,133,5.9,149791,
72,Allied,Action,Robert Zemeckis,2016,124,7.1,78079,40.07
74,Collateral Beauty,Drama,David Frankel,2016,97,6.8,43977,30.98
75,Zootopia,Animation,Byron Howard,2016,108,8.1,296853,341.26
76,Pirates of the Caribbean: At World's End,Action,Gore Verbinski,2007,169,7.1,498821,309.40
77,The Avengers,Action,Joss Whedon,2012,143,8.1,1045588,623.28
78,Inglourious Basterds,Adventure,Quentin Tarantino,2009,153,8.3,959065,120.52
79,Pirates of the Caribbean: Dead Man's Chest,Action,Gore Verbinski,2006,151,7.3,552027,423.03
80,Ghostbusters,Action,Paul Feig,2016,116,5.3,147717,128.34
81,Inception,Action,Christopher Nolan,2010,148,8.8,1583625,292.57
83,The Wolf of Wall Street,Biography,Martin Scorsese,2013,180,8.2,865134,116.87
84,Gone Girl,Crime,David Fincher,2014,149,8.1,636243,167.74
85,Furious Seven,Action,James Wan,2015,137,7.2,301249,350.03
86,Jurassic World,Action,Colin Trevorrow,2015,124,7.0,455169,652.18
88,Avatar,Action,James Cameron,2009,162,7.8,935408,760.51
89,The Hateful Eight,Crime,Quentin Tarantino,2015,187,7.8,341170,54.12
90,The Accountant,Action,Gavin O'Connor,2016,128,7.4,162122,86.20
91,Prisoners,Crime,Denis Villeneuve,2013,153,8.1,431185,60.96
92,Warcraft,Action,Duncan Jones,2016,123,7.0,187547,47.17
93,The Help,Drama,Tate Taylor,2011,146,8.1,342429,169.71
94,War Dogs,Comedy,Todd Phillips,2016,114,7.1,106463,43.02
95,Avengers: Age of Ultron,Action,Joss Whedon,2015,141,7.4,516895,458.99
96,The Nice Guys,Action,Shane Black,2016,116,7.4,175067,36.25
100,The Departed,Crime,Martin Scorsese,2006,151,8.5,937414,132.37
102,Thor,Action,Kenneth Branagh,2011,115,7.0,570814,181.02
103,The Martian,Adventure,Ridley Scott,2015,144,8.0,556097,228.43
104,Contratiempo,Crime,Oriol Paulo,2016,106,7.9,7204,
105,The Man from U.N.C.L.E.,Action,Guy Ritchie,2015,116,7.3,202973,45.43
106,Hell or High Water,Crime,David Mackenzie,2016,102,7.7,115546,26.86
108,The Legend of Tarzan,Action,David Yates,2016,110,6.3,117590,126.59
109,All We Had,Drama,Katie Holmes,2016,105,5.8,1004,
110,Ex Machina,Drama,Alex Garland,2014,108,7.7,339797,25.44
112,12 Years a Slave,Biography,Steve McQueen,2013,134,8.1,486338,56.67
113,The Bad Batch,Romance,Ana Lily Amirpour,2016,118,6.1,512,
114,300,Action,Zack Snyder,2006,117,7.7,637104,210.59
115,Harry Potter and the Deathly Hallows: Part 2,Adventure,David Yates,2011,130,8.1,590595,380.96
116,Office Christmas Party,Comedy,Josh Gordon,2016,105,5.8,30761,54.73
119,10 Cloverfield Lane,Drama,Dan Trachtenberg,2016,104,7.2,192968,71.90
120,Finding Dory,Animation,Andrew Stanton,2016,97,7.4,157026,486.29
121,Miss Peregrine's Home for Peculiar Children,Adventure,Tim Burton,2016,127,6.7,101058,87.24
122,Divergent,Adventure,Neil Burger,2014,139,6.7,362093,150.83
123,Mike and Dave Need Wedding Dates,Adventure,Jake Szymanski,2016,98,6.0,53183,46.01
124,Boyka: Undisputed IV,Action,Todor Chapkanov,2016,86,7.4,10428,
125,The Dark Knight Rises,Action,Christopher Nolan,2012,164,8.5,1222645,448.13
126,The Jungle Book,Adventure,Jon Favreau,2016,106,7.5,198243,364.00
127,Transformers: Age of Extinction,Action,Michael Bay,2014,165,5.7,255483,245.43
128,Nerve,Adventure,Henry Joost,2016,96,6.6,69651,38.56
129,Mamma Mia!,Comedy,Phyllida Lloyd,2008,108,6.4,153481,143.70
130,The Revenant,Adventure,Alejandro González Iñárritu,2015,156,8.0,499424,183.64
131,Fences,Drama,Denzel Washington,2016,139,7.3,50953,57.64
132,Into the Woods,Adventure,Rob Marshall,2014,125,6.0,109756,128.00
133,The Shallows,Drama,Jaume Collet-Serra,2016,86,6.4,78328,55.12
135,Furious 6,Action,Justin Lin,2013,130,7.1,318051,238.67
136,The Place Beyond the Pines,Crime,Derek Cianfrance,2012,140,7.3,200090,21.38
137,No Country for Old Men,Crime,Ethan Coen,2007,122,8.1,660286,74.27
138,The Great Gatsby,Drama,Baz Luhrmann,2013,143,7.3,386102,144.81
139,Shutter Island,Mystery,Martin Scorsese,2010,138,8.1,855604,127.97
140,Brimstone,Mystery,Martin Koolhoven,2016,148,7.1,13004,
141,Star Trek,Action,J.J. Abrams,2009,127,8.0,526324,257.70
142,Diary of a Wimpy Kid,Comedy,Thor Freudenthal,2010,94,6.2,34184,64.00
143,The Big Short,Biography,Adam McKay,2015,130,7.8,246360,70.24
145,Django Unchained,Drama,Quentin Tarantino,2012,165,8.4,1039115,162.80
148,Watchmen,Action,Zack Snyder,2009,162,7.6,410249,107.50
149,Superbad,Comedy,Greg Mottola,2007,113,7.6,442082,121.46
150,Inferno,Action,Ron Howard,2016,121,6.2,97623,34.26
151,The BFG,Adventure,Steven Spielberg,2016,117,6.4,50853,55.47
152,The Hunger Games,Adventure,Gary Ross,2012,142,7.2,735604,408.00
154,Sicario,Action,Denis Villeneuve,2015,121,7.6,243230,46.88
155,Twin Peaks: The Missing Pieces,Drama,David Lynch,2014,91,8.1,1973,
156,Aliens vs Predator - Requiem,Action,Colin Strause,2007,94,5.0,97618,41.80
157,Pacific Rim,Action,Guillermo del Toro,2013,131,7.0,400519,101.79
158,"Crazy, Stupid, Love.",Comedy,Glenn Ficarra,2011,118,7.4,396714,84.24
159,Scott Pilgrim vs. the World,Action,Edgar Wright,2010,112,7.5,291457,31.49
160,Hot Fuzz,Action,Edgar Wright,2007,121,7.9,373244,23.62
161,Mine,Thriller,Fabio Guaglione,2016,106,6.0,5926,
163,X-Men: Days of Future Past,Action,Bryan Singer,2014,132,8.0,552298,233.91
164,Jack Reacher: Never Go Back,Action,Edward Zwick,2016,118,6.1,78043,58.40
165,Casino Royale,Action,Martin Campbell,2006,144,8.0,495106,167.01
166,Twilight,Drama,Catherine Hardwicke,2008,122,5.2,361449,191.45
167,Now You See Me 2,Action,Jon M. Chu,2016,129,6.5,156567,65.03
168,Woman in Gold,Biography,Simon Curtis,2015,109,7.3,39723,33.31
169,13 Hours,Action,Michael Bay,2016,144,7.3,76935,52.82
170,Spectre,Action,Sam Mendes,2015,148,6.8,308981,200.07
171,Nightcrawler,Crime,Dan Gilroy,2014,118,7.9,332476,32.28
172,Kubo and the Two Strings,Animation,Travis Knight,2016,101,7.9,72778,48.02
173,Beyond the Gates,Adventure,Jackson Stewart,2016,84,5.2,2127,
174,Her,Drama,Spike Jonze,2013,126,8.0,390531,25.56
175,Frozen,Animation,Chris Buck,2013,102,7.5,451894,400.74
176,Tomorrowland,Action,Brad Bird,2015,130,6.5,143069,93.42
177,Dawn of the Planet of the Apes,Action,Matt Reeves,2014,130,7.6,337777,208.54
178,Tropic Thunder,Action,Ben Stiller,2008,107,7.0,321442,110.42
179,The Conjuring 2,Horror,James Wan,2016,134,7.4,137203,102.46
180,Ant-Man,Action,Peyton Reed,2015,117,7.3,368912,180.19
181,Bridget Jones's Baby,Comedy,Sharon Maguire,2016,118,6.7,43086,24.09
182,The VVitch: A New-England Folktale,Horror,Robert Eggers,2015,92,6.8,101781,25.14
183,Cinderella,Drama,Kenneth Branagh,2015,105,7.0,117018,201.15
184,Realive,Sci-Fi,Mateo Gil,2016,112,5.9,1176,
186,Love,Drama,Gaspar Noé,2015,135,6.0,24003,
188,Crimson Peak,Drama,Guillermo del Toro,2015,119,6.6,97454,31.06
189,Drive,Crime,Nicolas Winding Refn,2011,100,7.8,461509,35.05
190,Trainwreck,Comedy,Judd Apatow,2015,125,6.3,106364,110.01
192,Below Her Mouth,Drama,April Mullen,2016,94,5.6,1445,
193,Spotlight,Crime,Tom McCarthy,2015,128,8.1,268282,44.99
196,Captain America: The First Avenger,Action,Joe Johnston,2011,124,6.9,547368,176.64
197,Hacker,Crime,Akan Satayev,2016,95,6.3,3799,
199,The Imitation Game,Biography,Morten Tyldum,2014,114,8.1,532353,91.12
200,Central Intelligence,Action,Rawson Marshall Thurber,2016,107,6.3,97082,127.38
201,Edge of Tomorrow,Action,Doug Liman,2014,113,7.9,471815,100.19
203,Snowden,Biography,Oliver Stone,2016,134,7.3,79855,21.48
204,Iron Man,Action,Jon Favreau,2008,126,7.9,737719,318.30
205,Allegiant,Action,Robert Schwentke,2016,120,5.7,70504,66.00
206,X: First Class,Action,Matthew Vaughn,2011,132,7.8,550011,146.41
209,Bridesmaids,Comedy,Paul Feig,2011,125,6.8,227912,169.08
210,The Girl with All the Gifts,Drama,Colm McCarthy,2016,111,6.7,23713,
211,San Andreas,Action,Brad Peyton,2015,114,6.1,161396,155.18
213,Transformers,Action,Michael Bay,2007,144,7.1,531112,318.76
214,Old Boy,Action,Spike Lee,2013,104,5.8,54679,
215,Thor: The Dark World,Action,Alan Taylor,2013,112,7.0,443584,206.36
216,Gods of Egypt,Action,Alex Proyas,2016,126,5.5,73568,31.14
217,Captain America: The Winter Soldier,Action,Anthony Russo,2014,136,7.8,542362,259.75
218,Monster Trucks,Action,Chris Wedge,2016,104,5.7,7044,33.04
219,A Dark Song,Drama,Liam Gavin,2016,100,6.1,1703,
220,Kick-Ass,Action,Matthew Vaughn,2010,117,7.7,456749,48.04
222,Cars,Animation,John Lasseter,2006,117,7.1,283445,244.05
224,The Girl with the Dragon Tattoo,Crime,David Fincher,2011,158,7.8,348551,102.52
225,We're the Millers,Comedy,Rawson Marshall Thurber,2013,110,7.0,334867,150.37
228,Predators,Action,Nimród Antal,2010,107,6.4,179450,52.00
229,Maleficent,Action,Robert Stromberg,2014,97,7.0,268877,241.41
230,Rupture,Horror,Steven Shainberg,2016,102,5.0,2382,
231,Pan's Labyrinth,Drama,Guillermo del Toro,2006,118,8.2,498879,37.62
233,Apocalypto,Action,Mel Gibson,2006,139,7.8,247926,50.86
234,Mission: Impossible - Rogue Nation,Action,Christopher McQuarrie,2015,131,7.4,257472,195.00
235,The Huntsman: Winter's War,Action,Cedric Nicolas-Troyan,2016,114,6.1,66766,47.95
239,The Grand Budapest Hotel,Adventure,Wes Anderson,2014,99,8.1,530881,59.07
240,The Host,Action,Andrew Niccol,2013,125,5.9,96852,26.62
241,Fury,Action,David Ayer,2014,134,7.6,332234,85.71
242,Inside Out,Animation,Pete Docter,2015,95,8.2,416689,356.45
244,Terminator Genisys,Action,Alan Taylor,2015,126,6.5,205365,89.73
245,Percy Jackson & the Olympians: The Lightning Thief,Adventure,Chris Columbus,2010,118,5.9,148949,88.76
246,Les Misérables,Drama,Tom Hooper,2012,158,7.6,257426,148.78
247,Children of Men,Drama,Alfonso Cuarón,2006,109,7.9,382910,35.29
249,Spy,Action,Paul Feig,2015,119,7.1,188017,110.82
253,Straight Outta Compton,Biography,F. Gary Gray,2015,147,7.9,139831,161.03
254,The Amazing Spider-Man 2,Action,Marc Webb,2014,142,6.7,342183,202.85
255,The Conjuring,Horror,James Wan,2013,112,7.5,330305,137.39
256,The Hangover,Comedy,Todd Phillips,2009,100,7.8,611563,277.31
257,Battleship,Action,Peter Berg,2012,131,5.8,210349,65.17
258,Rise of the Planet of the Apes,Action,Rupert Wyatt,2011,105,7.6,422290,176.74
259,Lights Out,Horror,David F. Sandberg,2016,81,6.4,69823,67.24
261,Birdman or (The Unexpected Virtue of Ignorance),Comedy,Alejandro González Iñárritu,2014,119,7.8,440299,42.34
262,Black Swan,Drama,Darren Aronofsky,2010,108,8.0,581518,106.95
267,Dirty Grandpa,Comedy,Dan Mazer,2016,102,6.0,75137,35.54
268,Cloud Atlas,Drama,Tom Tykwer,2012,172,7.5,298651,27.10
269,X-Men Origins: Wolverine,Action,Gavin Hood,2009,107,6.7,388447,179.88
270,Satanic,Horror,Jeffrey G. Hunt,2016,85,5.0,2384,
271,Skyfall,Action,Sam Mendes,2012,143,7.8,547386,304.36
272,The Hobbit: An Unexpected Journey,Adventure,Peter Jackson,2012,169,7.9,668651,303.00
273,21 Jump Street,Action,Phil Lord,2012,110,7.2,432046,138.45
275,Ballerina,Animation,Eric Summer,2016,89,6.8,4729,
276,Oblivion,Action,Joseph Kosinski,2013,124,7.0,410125,89.02
277,22 Jump Street,Action,Phil Lord,2014,112,7.1,280110,191.62
278,Zodiac,Crime,David Fincher,2007,157,7.7,329683,33.05
280,Iron Man Three,Action,Shane Black,2013,130,7.2,591023,408.99
281,Now You See Me,Crime,Louis Leterrier,2013,115,7.3,492324,117.70
282,Sherlock Holmes,Action,Guy Ritchie,2009,128,7.6,501769,209.02
283,Death Proof,Thriller,Quentin Tarantino,2007,113,7.1,220236,
285,Hercules,Action,Brett Ratner,2014,98,6.0,122838,72.66
286,Sucker Punch,Action,Zack Snyder,2011,110,6.1,204874,36.38
288,Jupiter Ascending,Action,Lana Wachowski,2015,127,5.3,150121,47.38
290,Iris,Thriller,Jalil Lespert,2016,99,6.1,726,
292,Pitch Perfect,Comedy,Jason Moore,2012,112,7.2,226631,65.00
293,Neighbors 2: Sorority Rising,Comedy,Nicholas Stoller,2016,92,5.7,76327,55.29
294,The Exception,Drama,David Leveaux,2016,107,7.7,96,
295,Man of Steel,Action,Zack Snyder,2013,143,7.1,577010,291.02
297,Ice Age: Collision Course,Animation,Mike Thurmeier,2016,94,5.7,34523,64.06
298,The Devil Wears Prada,Comedy,David Frankel,2006,109,6.8,302268,124.73
300,There Will Be Blood,Drama,Paul Thomas Anderson,2007,158,8.1,400682,40.22
301,The Equalizer,Action,Antoine Fuqua,2014,132,7.2,249425,101.53
302,Lone Survivor,Action,Peter Berg,2013,121,7.5,218996,125.07
303,The Cabin in the Woods,Horror,Drew Goddard,2012,95,7.0,295554,42.04
304,The House Bunny,Comedy,Fred Wolf,2008,97,5.5,67033,48.24
305,She's Out of My League,Comedy,Jim Field Smith,2010,104,6.4,105619,31.58
307,Alice Through the Looking Glass,Adventure,James Bobin,2016,113,6.2,57207,77.04
308,Vincent N Roxxy,Crime,Gary Michael Schultz,2016,110,5.5,403,
309,The Fast and the Furious: Tokyo Drift,Action,Justin Lin,2006,104,6.0,193479,62.49
310,How to Be Single,Comedy,Christian Ditter,2016,110,6.1,59886,46.81
311,The Blind Side,Biography,John Lee Hancock,2009,129,7.7,237221,255.95
314,The Hobbit: The Battle of the Five Armies,Adventure,Peter Jackson,2014,144,7.4,385598,255.11
315,Harry Potter and the Order of the Phoenix,Adventure,David Yates,2007,138,7.5,385325,292.00
317,The 5th Wave,Action,J Blakeson,2016,112,5.2,73093,34.91
318,The Stakelander,Action,Dan Berk,2016,81,5.3,1263,
319,The Visit,Comedy,M. Night Shyamalan,2015,94,6.2,81429,65.07
320,Fast Five,Action,Justin Lin,2011,131,7.3,300803,209.81
321,Step Up,Crime,Anne Fletcher,2006,104,6.5,95960,65.27
324,In Time,Action,Andrew Niccol,2011,109,6.7,319025,37.55
325,The Social Network,Biography,David Fincher,2010,120,7.7,510100,96.92
326,The Last Witch Hunter,Action,Breck Eisner,2015,106,6.0,71149,27.36
331,Storks,Animation,Nicholas Stoller,2016,87,6.9,34248,72.66
332,American Sniper,Action,Clint Eastwood,2014,133,7.3,353305,350.12
333,Dallas Buyers Club,Biography,Jean-Marc Vallée,2013,117,8.0,352801,27.30
334,Lincoln,Biography,Steven Spielberg,2012,150,7.4,207497,182.20
335,Rush,Action,Ron Howard,2013,123,8.1,339722,26.90
336,Before I Wake,Drama,Mike Flanagan,2016,97,6.1,18201,
337,Silver Linings Playbook,Comedy,David O. Russell,2012,122,7.8,564364,132.09
338,Tracktown,Drama,Alexi Pappas,2016,88,5.9,115,
339,The Fault in Our Stars,Drama,Josh Boone,2014,126,7.8,271301,124.87
340,Blended,Comedy,Frank Coraci,2014,117,6.5,93764,46.28
341,Fast & Furious,Action,Justin Lin,2009,107,6.6,217464,155.02
342,Looper,Action,Rian Johnson,2012,119,7.4,452369,66.47
343,White House Down,Action,Roland Emmerich,2013,131,6.4,173320,73.10
344,Pete's Dragon,Adventure,David Lowery,2016,102,6.8,36322,76.20
345,Spider-Man 3,Action,Sam Raimi,2007,139,6.2,406219,336.53
346,The Three Musketeers,Action,Paul W.S. Anderson,2011,110,5.8,92329,20.32
347,Stardust,Adventure,Matthew Vaughn,2007,127,7.7,220664,38.35
348,American Hustle,Crime,David O. Russell,2013,138,7.3,379088,150.12
350,Midnight in Paris,Comedy,Woody Allen,2011,94,7.7,320323,56.82
351,Lady Macbeth,Drama,William Oldroyd,2016,89,7.3,1396,
352,Joy,Drama,David O. Russell,2015,124,6.6,97679,56.44
355,Insurgent,Adventure,Robert Schwentke,2015,119,6.3,171970,130.00
357,Demain tout commence,Comedy,Hugo Gélin,2016,118,7.4,5496,
358,The Theory of Everything,Biography,James Marsh,2014,123,7.7,299718,35.89
359,This Is the End,Comedy,Evan Goldberg,2013,107,6.6,327838,101.47
361,Step Brothers,Comedy,Adam McKay,2008,98,6.9,223065,100.47
363,Star Trek Into Darkness,Action,J.J. Abrams,2013,132,7.8,417663,228.76
364,Zombieland,Adventure,Ruben Fleischer,2009,88,7.7,409403,75.59
365,"Hail, Caesar!",Comedy,Ethan Coen,2016,106,6.3,89059,30.00
366,Slumdog Millionaire,Drama,Danny Boyle,2008,120,8.0,677044,141.32
367,The Twilight Saga: Breaking Dawn - Part 2,Adventure,Bill Condon,2012,115,5.5,194329,292.30
368,American Wrestler: The Wizard,Drama,Alex Ranarivelo,2016,117,6.9,286,
369,The Amazing Spider-Man,Action,Marc Webb,2012,136,7.0,474320,262.03
370,Ben-Hur,Action,Timur Bekmambetov,2016,123,5.7,28326,26.38
372,The Maze Runner,Action,Wes Ball,2014,113,6.8,335531,102.41
374,Wanted,Action,Timur Bekmambetov,2008,110,6.7,312495,134.57
375,Florence Foster Jenkins,Biography,Stephen Frears,2016,111,6.9,31776,27.37
377,Black Mass,Biography,Scott Cooper,2015,123,6.9,135706,62.56
378,Creed,Drama,Ryan Coogler,2015,133,7.6,175673,109.71
380,The Expendables 3,Action,Patrick Hughes,2014,126,6.1,137568,39.29
382,Southpaw,Drama,Antoine Fuqua,2015,124,7.4,169083,52.42
383,Hush,Horror,Mike Flanagan,2016,81,6.6,45867,
384,Bridge of Spies,Drama,Steven Spielberg,2015,142,7.6,217938,72.31
385,The Lego Movie,Animation,Phil Lord,2014,100,7.8,266508,257.76
386,Everest,Action,Baltasar Kormákur,2015,121,7.1,154647,43.25
387,Pixels,Action,Chris Columbus,2015,105,5.6,101092,78.75
388,Robin Hood,Action,Ridley Scott,2010,140,6.7,221117,105.22
389,The Wolverine,Action,James Mangold,2013,126,6.7,355362,132.55
390,John Carter,Action,Andrew Stanton,2012,132,6.6,220667,73.06
391,Keanu,Action,Peter Atencio,2016,100,6.3,31913,20.57
394,Whisky Galore,Comedy,Gillies MacKinnon,2016,98,5.0,102,
395,Grown Ups 2,Comedy,Dennis Dugan,2013,101,5.4,114482,133.67
396,The Age of Adaline,Drama,Lee Toland Krieger,2015,112,7.2,112288,42.48
397,The Incredible Hulk,Action,Louis Leterrier,2008,112,6.8,342355,134.52
398,Couples Retreat,Comedy,Peter Billingsley,2009,113,5.5,86417,109.18
399,Absolutely Anything,Comedy,Terry Jones,2015,85,6.0,26587,
400,Magic Mike,Comedy,Steven Soderbergh,2012,110,6.1,113686,113.71
401,Minions,Animation,Kyle Balda,2015,91,6.4,159830,336.03
402,The Black Room,Horror,Rolfe Kanefsky,2016,91,5.0,240,
404,Despicable Me,Animation,Pierre Coffin,2010,95,7.7,410607,251.50
405,The Best of Me,Drama,Michael Hoffman,2014,118,6.7,49041,26.76
407,Zero Dark Thirty,Drama,Kathryn Bigelow,2012,157,7.4,226661,95.72
408,Tangled,Animation,Nathan Greno,2010,100,7.8,316459,200.81
409,The Hunger Games: Mockingjay - Part 2,Action,Francis Lawrence,2015,137,6.6,202380,281.67
410,Vacation,Adventure,John Francis Daley,2015,99,6.1,74589,58.88
411,Taken,Action,Pierre Morel,2008,93,7.8,502961,145.00
412,Pitch Perfect 2,Comedy,Elizabeth Banks,2015,115,6.5,108306,183.44
413,Monsters University,Animation,Dan Scanlon,2013,104,7.3,252119,268.49
414,Elle,Crime,Paul Verhoeven,2016,130,7.2,35417,
415,Mechanic: Resurrection,Action,Dennis Gansel,2016,98,5.6,48161,21.20
417,The Headhunter's Calling,Drama,Mark Williams,2016,108,6.9,164,
418,Atonement,Drama,Joe Wright,2007,123,7.8,202890,50.92
419,Harry Potter and the Deathly Hallows: Part 1,Adventure,David Yates,2010,146,7.7,357213,294.98
421,Hanna,Action,Joe Wright,2011,111,6.8,164208,40.25
424,300: Rise of an Empire,Action,Noam Murro,2014,102,6.2,237887,106.37
425,London Has Fallen,Action,Babak Najafi,2016,99,5.9,100702,62.40
426,The Curious Case of Benjamin Button,Drama,David Fincher,2008,166,7.8,485075,127.49
428,The Bourne Ultimatum,Action,Paul Greengrass,2007,115,8.1,525700,227.14
429,Srpski film,Horror,Srdjan Spasojevic,2010,104,5.2,43648,
430,The Purge: Election Year,Action,James DeMonaco,2016,109,6.0,54216,79.00
432,Zoolander 2,Comedy,Ben Stiller,2016,102,5.0,48297,28.84
433,World War Z,Action,Marc Forster,2013,116,7.0,494819,202.35
434,Mission: Impossible - Ghost Protocol,Action,Brad Bird,2011,132,7.4,382459,209.36
435,Let Me Make You a Martyr,Action,Corey Asraf,2016,102,6.4,223,
437,The Longest Ride,Drama,George Tillman Jr.,2015,123,7.1,58421,37.43
439,Kick-Ass 2,Action,Jeff Wadlow,2013,103,6.6,214825,28.75
440,Folk Hero & Funny Guy,Comedy,Jeff Grace,2016,88,5.6,220,
441,Oz the Great and Powerful,Adventure,Sam Raimi,2013,130,6.3,181521,234.90
442,Brooklyn,Drama,John Crowley,2015,117,7.5,94977,38.32
443,Coraline,Animation,Henry Selick,2009,100,7.7,156620,75.28
445,The Thinning,Thriller,Michael J. Gallagher,2016,81,6.0,4531,
446,Silent Hill,Adventure,Christophe Gans,2006,125,6.6,184152,46.98
449,Big Hero 6,Animation,Don Hall,2014,102,7.8,309186,222.49
450,Carrie,Drama,Kimberly Peirce,2013,100,5.9,113272,35.27
451,Iron Man 2,Action,Jon Favreau,2010,124,7.0,556666,312.06
454,Olympus Has Fallen,Action,Antoine Fuqua,2013,119,6.5,214994,98.90
455,I Am Number Four,Action,D.J. Caruso,2011,109,6.1,202682,55.09
457,The Proposal,Comedy,Anne Fletcher,2009,108,6.7,241709,163.95
458,Get Hard,Comedy,Etan Cohen,2015,100,6.0,95119,90.35
459,Just Go with It,Comedy,Dennis Dugan,2011,117,6.4,182069,103.03
460,Revolutionary Road,Drama,Sam Mendes,2008,119,7.3,159736,22.88
461,The Town,Crime,Ben Affleck,2010,125,7.6,294553,92.17
462,The Boy,Horror,William Brent Bell,2016,97,6.0,51235,35.79
464,Predestination,Drama,Michael Spierig,2014,97,7.5,187760,
465,Goosebumps,Adventure,Rob Letterman,2015,103,6.3,57602,80.02
466,Sherlock Holmes: A Game of Shadows,Action,Guy Ritchie,2011,129,7.5,357436,186.83
467,Salt,Action,Phillip Noyce,2010,100,6.4,255813,118.31
469,District 9,Action,Neill Blomkamp,2009,112,8.0,556794,115.65
470,The Other Guys,Action,Adam McKay,2010,107,6.7,199900,119.22
471,American Gangster,Biography,Ridley Scott,2007,157,7.8,337835,130.13
473,2012,Action,Roland Emmerich,2009,158,5.8,297984,166.11
474,Harry Potter and the Half-Blood Prince,Adventure,David Yates,2009,153,7.5,351059,301.96
475,Argo,Biography,Ben Affleck,2012,120,7.7,481274,136.02
478,Pet,Horror,Carles Torrens,2016,94,5.7,8404,
479,Paint It Black,Drama,Amber Tamblyn,2016,96,8.3,61,
480,Macbeth,Drama,Justin Kurzel,2015,113,6.7,41642,
481,Forgetting Sarah Marshall,Comedy,Nicholas Stoller,2008,111,7.2,226619,62.88
482,The Giver,Drama,Phillip Noyce,2014,97,6.5,93799,45.09
484,Perfetti sconosciuti,Comedy,Paolo Genovese,2016,97,7.7,17584,
485,Angry Birds,Animation,Clay Kaytis,2016,97,6.3,55781,107.51
486,Moonrise Kingdom,Adventure,Wes Anderson,2012,94,7.8,254446,45.51
487,Hairspray,Comedy,Adam Shankman,2007,117,6.7,102954,118.82
488,Safe Haven,Drama,Lasse Hallström,2013,115,6.7,84765,71.35
489,Focus,Comedy,Glenn Ficarra,2015,105,6.6,166489,53.85
490,Ratatouille,Animation,Brad Bird,2007,111,8.0,504039,206.44
492,The Book of Eli,Action,Albert Hughes,2010,118,6.9,241359,94.82
493,Cloverfield,Action,Matt Reeves,2008,85,7.0,313803,80.03
494,Point Break,Action,Ericson Core,2015,114,5.3,44553,28.77
496,I Am Legend,Drama,Francis Lawrence,2007,101,7.2,565721,256.39
497,Men in Black 3,Action,Barry Sonnenfeld,2012,106,6.8,278379,179.02
498,Super 8,Mystery,J.J. Abrams,2011,112,7.1,298913,126.98
499,Law Abiding Citizen,Crime,F. Gary Gray,2009,109,7.4,228339,73.34
500,Up,Animation,Pete Docter,2009,96,8.3,722203,292.98
501,Maze Runner: The Scorch Trials,Action,Wes Ball,2015,131,6.3,159364,81.69
503,Imperium,Crime,Daniel Ragussis,2016,109,6.5,27428,
505,Mr. Nobody,Drama,Jaco Van Dormael,2009,141,7.9,166872,
506,City of Tiny Lights,Crime,Pete Travis,2016,110,5.7,291,
507,Savages,Crime,Oliver Stone,2012,131,6.5,107960,47.31
508,(500) Days of Summer,Comedy,Marc Webb,2009,95,7.7,398972,32.39
510,Gravity,Drama,Alfonso Cuarón,2013,91,7.8,622089,274.08
512,Shooter,Action,Antoine Fuqua,2007,124,7.2,267820,46.98
513,The Happening,Sci-Fi,M. Night Shyamalan,2008,91,5.0,170897,64.51
514,Bone Tomahawk,Adventure,S. Craig Zahler,2015,132,7.1,47289,66.01
515,Magic Mike XXL,Comedy,Gregory Jacobs,2015,115,5.7,42506,
516,Easy A,Comedy,Will Gluck,2010,92,7.1,294950,58.40
517,Exodus: Gods and Kings,Action,Ridley Scott,2014,150,6.0,137299,65.01
518,Chappie,Action,Neill Blomkamp,2015,120,6.9,188769,31.57
519,The Hobbit: The Desolation of Smaug,Adventure,Peter Jackson,2013,161,7.9,513744,258.36
523,Viking,Action,Andrey Kravchuk,2016,133,5.0,1830,23.05
524,Whiskey Tango Foxtrot,Biography,Glenn Ficarra,2016,112,6.6,36156,
526,Birth of the Dragon,Action,George Nolfi,2016,103,5.0,552,93.05
527,Elysium,Action,Neill Blomkamp,2013,109,6.6,358932,
529,Godzilla,Action,Gareth Edwards,2014,123,6.4,318058,200.66
530,The Bourne Legacy,Action,Tony Gilroy,2012,135,6.7,245374,113.17
532,Friend Request,Horror,Simon Verhoeven,2016,92,5.4,12758,64.03
533,Deja Vu,Action,Tony Scott,2006,126,7.0,253858,
534,Lucy,Action,Luc Besson,2014,89,6.4,352698,126.55
536,Need for Speed,Action,Scott Waugh,2014,132,6.5,143389,43.57
537,Jack Reacher,Action,Christopher McQuarrie,2012,130,7.0,250811,58.68
539,True Crimes,Crime,Alexandros Avranas,2016,92,7.3,198,
540,American Pastoral,Crime,Ewan McGregor,2016,108,6.1,7115,
542,Limitless,Mystery,Neil Burger,2011,105,7.4,444417,79.24
543,Spectral,Action,Nic Mathieu,2016,107,6.3,27042,
544,P.S. I Love You,Drama,Richard LaGravenese,2007,126,7.1,177247,53.68
545,Zipper,Drama,Mora Stephens,2015,103,5.7,4912,
548,Alice in Wonderland,Adventure,Tim Burton,2010,108,6.5,324898,334.19
550,"I, Daniel Blake",Drama,Ken Loach,2016,100,7.9,22941,
551,The Break-Up,Comedy,Peyton Reed,2006,106,5.8,106381,118.68
553,Fantastic Four,Action,Josh Trank,2015,100,5.0,121847,56.11
554,The Survivalist,Drama,Stephen Fingleton,2015,104,6.3,9187,
555,Colonia,Drama,Florian Gallenberger,2015,106,7.1,30074,
556,The Boy Next Door,Mystery,Rob Cohen,2015,91,5.0,30180,35.39
557,The Gift,Mystery,Joel Edgerton,2015,108,7.1,96688,43.77
558,Dracula Untold,Action,Gary Shore,2014,92,6.3,148504,55.94
559,In the Heart of the Sea,Action,Ron Howard,2015,122,6.9,90372,24.99
561,The Expendables,Action,Sylvester Stallone,2010,103,6.5,283282,102.98
562,Evil Dead,Fantasy,Fede Alvarez,2013,91,6.5,133113,54.24
563,Sinister,Horror,Scott Derrickson,2012,110,6.8,171169,48.06
564,Wreck-It Ralph,Animation,Rich Moore,2012,101,7.8,290559,189.41
565,Snow White and the Huntsman,Action,Rupert Sanders,2012,127,6.1,239772,155.11
566,Pan,Adventure,Joe Wright,2015,111,5.8,47804,34.96
567,Transformers: Dark of the Moon,Action,Michael Bay,2011,154,6.3,338369,352.36
568,Juno,Comedy,Jason Reitman,2007,96,7.5,432461,143.49
570,Money Monster,Crime,Jodie Foster,2016,98,6.5,68654,41.01
571,The Other Woman,Comedy,Nick Cassavetes,2014,109,6.0,110825,83.91
572,Enchanted,Animation,Kevin Lima,2007,107,7.1,150353,127.71
573,The Intern,Comedy,Nancy Meyers,2015,121,7.1,159582,75.27
574,Little Miss Sunshine,Comedy,Jonathan Dayton,2006,101,7.8,374044,59.89
576,Clash of the Titans,Action,Louis Leterrier,2010,106,5.8,238206,163.19
577,The Finest Hours,Action,Craig Gillespie,2016,117,6.8,44425,27.55
578,Tron,Action,Joseph Kosinski,2010,125,6.8,273959,172.05
579,The Hunger Games: Catching Fire,Action,Francis Lawrence,2013,146,7.6,525646,424.65
581,Kickboxer: Vengeance,Action,John Stockwell,2016,90,5.0,6809,131.56
582,The Last Airbender,Action,M. Night Shyamalan,2010,103,5.0,125129,
583,Sex Tape,Comedy,Jake Kasdan,2014,94,5.1,89885,38.54
584,What to Expect When You're Expecting,Comedy,Kirk Jones,2012,110,5.7,60059,41.10
585,Moneyball,Biography,Bennett Miller,2011,133,7.6,297395,75.61
586,Ghost Rider,Action,Mark Steven Johnson,2007,114,5.2,190673,115.80
587,Unbroken,Biography,Angelina Jolie,2014,137,7.2,114006,115.60
588,Immortals,Action,Tarsem Singh,2011,110,6.0,142900,83.50
590,Brave,Animation,Mark Andrews,2012,93,7.2,293941,237.28
595,Daddy's Home,Comedy,Sean Anders,2015,96,6.1,68306,150.32
597,Never Back Down,Action,Jeff Wadlow,2008,110,6.6,84083,24.85
600,Megamind,Animation,Tom McGrath,2010,95,7.3,183926,148.34
601,Gangster Squad,Action,Ruben Fleischer,2013,113,6.7,181432,46.00
602,Blood Father,Action,Jean-François Richet,2016,88,6.4,40357,93.95
603,He's Just Not That Into You,Comedy,Ken Kwapis,2009,129,6.4,137684,
604,Kung Fu Panda 3,Animation,Alessandro Carloni,2016,95,7.2,89791,143.52
606,Handsome Devil,Drama,John Butler,2016,95,7.4,338,
607,Winter's Bone,Drama,Debra Granik,2010,100,7.2,116435,
608,Horrible Bosses,Comedy,Seth Gordon,2011,98,6.9,368556,117.53
610,Hellboy II: The Golden Army,Action,Guillermo del Toro,2008,120,7.0,216932,75.75
613,The Lovely Bones,Drama,Peter Jackson,2009,135,6.7,130702,43.98
615,Don Jon,Comedy,Joseph Gordon-Levitt,2013,90,6.6,199973,24.48
617,2307: Winter's Dream,Sci-Fi,Joey Curtis,2016,101,5.0,277,20.76
618,Free State of Jones,Action,Gary Ross,2016,139,6.9,29895,
620,The Secret Life of Walter Mitty,Adventure,Ben Stiller,2013,114,7.3,249877,58.23
622,Underworld Awakening,Action,Måns Mårlind,2012,88,6.4,127157,62.32
624,Friday the 13th,Horror,Marcus Nispel,2009,97,5.6,78631,65.00
625,Taken 3,Action,Olivier Megaton,2014,109,6.0,144715,89.25
626,Total Recall,Action,Len Wiseman,2012,118,6.3,210965,58.88
627,X-Men: The Last Stand,Action,Brett Ratner,2006,104,6.7,406540,234.36
628,The Escort,Comedy,Will Slocombe,2016,88,6.0,7181,
629,The Whole Truth,Crime,Courtney Hunt,2016,93,6.1,10700,
630,Night at the Museum: Secret of the Tomb,Adventure,Shawn Levy,2014,98,6.2,74886,113.73
631,Love & Other Drugs,Comedy,Edward Zwick,2010,112,6.7,151519,32.36
634,Megan Is Missing,Drama,Michael Goi,2011,85,5.0,6683,
635,WALL·E,Animation,Andrew Stanton,2008,98,8.4,776897,223.81
636,Knocked Up,Comedy,Judd Apatow,2007,129,7.0,309398,148.73
637,Source Code,Mystery,Duncan Jones,2011,93,7.5,404884,54.70
638,Lawless,Crime,John Hillcoat,2012,116,7.3,195360,37.40
639,Unfriended,Drama,Levan Gabriadze,2014,83,5.6,50402,31.54
640,American Reunion,Comedy,Jon Hurwitz,2012,113,6.7,178471,56.72
641,The Pursuit of Happyness,Biography,Gabriele Muccino,2006,117,8.0,361105,162.59
643,The Ridiculous 6,Comedy,Frank Coraci,2015,119,5.0,31149,
645,Viral,Drama,Henry Joost,2016,85,5.5,3564,
646,Gran Torino,Drama,Clint Eastwood,2008,116,8.2,595779,148.09
648,Tall Men,Fantasy,Jonathan Holbrook,2016,133,5.0,173,
651,Sweeney Todd: The Demon Barber of Fleet Street,Drama,Tim Burton,2007,116,7.4,296289,52.88
652,Solace,Crime,Afonso Poyart,2015,101,6.4,36300,
653,Insidious,Horror,James Wan,2010,103,6.8,219916,53.99
655,The Levelling,Drama,Hope Dickson Leach,2016,83,6.4,482,
656,Public Enemies,Biography,Michael Mann,2009,140,7.0,240323,97.03
657,Boyhood,Drama,Richard Linklater,2014,165,7.9,286722,25.36
658,Teenage Mutant Ninja Turtles,Action,Jonathan Liebesman,2014,101,5.9,178527,190.87
661,Pineapple Express,Action,David Gordon Green,2008,111,7.0,267872,87.34
663,Gone Baby Gone,Crime,Ben Affleck,2007,114,7.7,206707,20.30
664,The Heat,Action,Paul Feig,2013,117,6.6,140151,159.58
668,Ted 2,Adventure,Seth MacFarlane,2015,115,6.3,136323,81.26
669,Pain & Gain,Comedy,Michael Bay,2013,129,6.5,168875,49.87
670,Blood Diamond,Adventure,Edward Zwick,2006,143,8.0,422014,57.37
671,Devil's Knot,Biography,Atom Egoyan,2013,114,6.1,15514,
674,Green Lantern,Action,Martin Campbell,2011,114,5.6,231907,116.59
675,War on Everyone,Action,John Michael McDonagh,2016,98,5.9,9285,
676,The Mist,Horror,Frank Darabont,2007,126,7.2,233346,25.59
677,Escape Plan,Action,Mikael Håfström,2013,115,6.7,188004,25.12
679,The DUFF,Comedy,Ari Sandel,2015,101,6.5,57874,34.02
681,The Hunger Games: Mockingjay - Part 1,Action,Francis Lawrence,2014,123,6.7,331902,337.10
684,The Mortal Instruments: City of Bones,Action,Harald Zwart,2013,130,5.9,112313,31.17
685,Seven Pounds,Drama,Gabriele Muccino,2008,123,7.7,245144,69.95
686,The King's Speech,Biography,Tom Hooper,2010,118,8.0,534388,138.80
688,Jumper,Action,Doug Liman,2008,88,6.1,252503,80.17
689,Toy Story 3,Animation,Lee Unkrich,2010,103,8.3,586669,414.98
690,Tinker Tailor Soldier Spy,Drama,Tomas Alfredson,2011,122,7.1,157053,24.10
691,Resident Evil: Retribution,Action,Paul W.S. Anderson,2012,96,5.4,114144,42.35
694,Pompeii,Action,Paul W.S. Anderson,2014,105,5.5,90188,23.22
695,Life of Pi,Adventure,Ang Lee,2012,127,7.9,471109,124.98
696,Hachi: A Dog's Tale,Drama,Lasse Hallström,2009,93,8.1,177602,
699,Live Free or Die Hard,Action,Len Wiseman,2007,128,7.2,347567,134.52
700,The Matchbreaker,Comedy,Caleb Vetter,2016,94,5.5,1427,
702,Ted,Comedy,Seth MacFarlane,2012,106,7.0,494641,218.63
703,RED,Action,Robert Schwentke,2010,111,7.1,250012,90.36
704,Australia,Adventure,Baz Luhrmann,2008,165,6.6,106115,49.55
705,Faster,Action,George Tillman Jr.,2010,98,6.5,83788,23.23
706,The Neighbor,Crime,Marcus Dunstan,2016,87,5.8,4754,
707,The Adjustment Bureau,Romance,George Nolfi,2011,106,7.1,208632,62.45
709,The Judge,Crime,David Dobkin,2014,141,7.4,146812,47.11
711,Transformers: Revenge of the Fallen,Action,Michael Bay,2009,150,6.0,335757,402.08
713,The Book of Life,Animation,Jorge R. Gutiérrez,2014,95,7.3,50388,50.15
715,The Heartbreak Kid,Comedy,Bobby Farrelly,2007,116,5.8,74664,36.77
716,Happy Feet,Animation,George Miller,2006,108,6.5,141141,197.99
717,Entourage,Comedy,Doug Ellin,2015,104,6.6,64557,32.36
718,The Strangers,Horror,Bryan Bertino,2008,86,6.2,96718,52.53
719,Noah,Action,Darren Aronofsky,2014,138,5.8,209700,101.16
720,Neighbors,Comedy,Nicholas Stoller,2014,97,6.4,236500,150.06
722,Wild,Adventure,Jean-Marc Vallée,2014,115,7.1,95553,37.88
723,Grown Ups,Comedy,Dennis Dugan,2010,102,6.0,190385,162.00
724,Blair Witch,Horror,Adam Wingard,2016,89,5.1,26088,20.75
725,The Karate Kid,Action,Harald Zwart,2010,140,6.2,127983,176.59
726,Dark Shadows,Comedy,Tim Burton,2012,113,6.2,209326,79.71
727,Friends with Benefits,Comedy,Will Gluck,2011,109,6.6,286543,55.80
728,The Illusionist,Drama,Neil Burger,2006,110,7.6,309934,39.83
729,The A-Team,Action,Joe Carnahan,2010,117,6.8,219116,77.21
731,The Internship,Comedy,Shawn Levy,2013,119,6.3,166342,44.67
732,Paul,Adventure,Greg Mottola,2011,104,7.0,201707,37.37
733,This Beautiful Fantastic,Comedy,Simon Aboud,2016,100,6.9,688,
734,The Da Vinci Code,Mystery,Ron Howard,2006,149,6.6,338280,217.54
736,Hugo,Adventure,Martin Scorsese,2011,126,7.5,259182,73.82
738,Body of Lies,Action,Ridley Scott,2008,128,7.1,182305,39.38
740,The Mummy: Tomb of the Dragon Emperor,Action,Rob Cohen,2008,112,5.2,124554,102.18
741,The Boss,Comedy,Ben Falcone,2016,99,5.4,29642,63.03
743,El secreto de sus ojos,Drama,Juan José Campanella,2009,129,8.2,144524,20.17
744,True Grit,Adventure,Ethan Coen,2010,110,7.6,254904,171.03
746,A Million Ways to Die in the West,Comedy,Seth MacFarlane,2014,116,6.1,144779,42.62
747,Only for One Night,Thriller,Chris Stokes,2016,86,5.0,313,
749,Ouija: Origin of Evil,Horror,Mike Flanagan,2016,99,6.1,30035,34.90
750,Percy Jackson: Sea of Monsters,Adventure,Thor Freudenthal,2013,106,5.9,91684,68.56
751,Fracture,Crime,Gregory Hoblit,2007,113,7.2,148943,39.00
752,Oculus,Horror,Mike Flanagan,2013,104,6.5,92875,27.69
754,This Means War,Action,McG,2012,103,6.3,154400,54.76
755,Lída Baarová,Biography,Filip Renc,2016,106,5.0,353,
757,Lavender,Drama,Ed Gass-Donnelly,2016,92,5.2,2083,
758,Deuces,Drama,Jamal Hill,2016,87,6.6,256,
759,Conan the Barbarian,Action,Marcus Nispel,2011,113,5.2,84893,21.27
760,The Fighter,Action,David O. Russell,2010,116,7.8,290056,93.57
761,August Rush,Drama,Kirsten Sheridan,2007,114,7.5,91229,31.66
762,Chef,Comedy,Jon Favreau,2014,114,7.3,151970,31.24
764,Eagle Eye,Action,D.J. Caruso,2008,118,6.6,156158,101.11
765,The Purge,Horror,James DeMonaco,2013,85,5.7,154588,64.42
767,Ender's Game,Action,Gavin Hood,2013,114,6.7,194236,61.66
768,Indiana Jones and the Kingdom of the Crystal Skull,Action,Steven Spielberg,2008,122,6.2,351361,317.01
769,Paper Towns,Drama,Jake Schreier,2015,109,6.3,72515,31.99
771,Quantum of Solace,Action,Marc Forster,2008,106,6.6,347798,168.37
772,The Assignment,Action,Walter Hill,2016,95,5.0,2043,
773,How to Train Your Dragon,Animation,Dean DeBlois,2010,98,8.1,523893,217.39
774,Lady in the Water,Drama,M. Night Shyamalan,2006,110,5.6,82701,42.27
776,Cars 2,Animation,John Lasseter,2011,106,6.2,110490,191.45
778,Final Girl,Action,Tyler Shields,2015,90,5.0,9026,
779,Chalk It Up,Comedy,Hisonni Johnson,2016,90,5.0,499,
781,Unknown,Action,Jaume Collet-Serra,2011,113,6.9,218679,61.09
783,Mr. Brooks,Crime,Bruce A. Evans,2007,120,7.3,128146,28.48
784,Tramps,Comedy,Adam Leon,2016,82,6.5,1031,
786,Captain Phillips,Biography,Paul Greengrass,2013,134,7.8,346154,107.10
787,The Secret Scripture,Drama,Jim Sheridan,2016,108,6.8,378,
789,Hotel Transylvania 2,Animation,Genndy Tartakovsky,2015,89,6.7,69157,169.69
790,Hancock,Action,Peter Berg,2008,92,6.4,366138,227.95
791,Sisters,Comedy,Jason Moore,2015,118,6.0,50241,87.03
792,The Family,Comedy,Luc Besson,2013,111,6.3,92868,36.92
793,Zack and Miri Make a Porno,Comedy,Kevin Smith,2008,101,6.6,154936,31.45
796,No Strings Attached,Comedy,Ivan Reitman,2011,108,6.2,178243,70.63
798,Despicable Me 2,Animation,Pierre Coffin,2013,98,7.4,304837,368.05
799,A Walk Among the Tombstones,Crime,Scott Frank,2014,114,6.5,93883,25.98
800,The World's End,Action,Edgar Wright,2013,109,7.0,199813,26.00
801,Yoga Hosers,Comedy,Kevin Smith,2016,88,5.0,7091,
803,Beowulf,Animation,Robert Zemeckis,2007,115,6.2,146566,82.16
804,Jack Ryan: Shadow Recruit,Action,Kenneth Branagh,2014,105,6.2,103681,50.55
805,1408,Fantasy,Mikael Håfström,2007,104,6.8,221073,71.98
806,The Gambler,Crime,Rupert Wyatt,2014,111,6.0,52537,33.63
807,Prince of Persia: The Sands of Time,Action,Mike Newell,2010,116,6.6,233148,90.76
810,USS Indianapolis: Men of Courage,Action,Mario Van Peebles,2016,128,5.2,4964,
812,Mama,Horror,Andrés Muschietti,2013,100,6.2,142560,71.59
813,Orphan,Horror,Jaume Collet-Serra,2009,123,7.0,153448,41.57
815,Fantastic Mr. Fox,Animation,Wes Anderson,2009,87,7.8,149779,21.00
816,Inside Man,Crime,Spike Lee,2006,129,7.6,285441,88.50
817,I.T.,Crime,John Moore,2016,95,5.4,8755,
819,Annabelle,Horror,John R. Leonetti,2014,99,5.4,91106,84.26
820,Wolves at the Door,Horror,John R. Leonetti,2016,73,5.0,564,
821,Suite Française,Drama,Saul Dibb,2014,107,6.9,13711,
823,G.I. Joe: The Rise of Cobra,Action,Stephen Sommers,2009,118,5.8,180105,150.17
825,Man Down,Drama,Dito Montiel,2015,90,5.8,4779,
826,Crawlspace,Horror,Phil Claydon,2016,88,5.3,1427,
828,The Warriors Gate,Action,Matthias Hoene,2016,108,5.3,1391,
829,Grindhouse,Action,Robert Rodriguez,2007,191,7.6,160350,25.03
831,Rocky Balboa,Drama,Sylvester Stallone,2006,102,7.2,171356,70.27
832,Diary of a Wimpy Kid: Dog Days,Comedy,David Bowers,2012,94,6.4,16917,49.00
834,Fool's Gold,Action,Andy Tennant,2008,112,5.7,62719,70.22
835,The Dictator,Comedy,Larry Charles,2012,83,6.4,225394,59.62
838,You Don't Mess with the Zohan,Action,Dennis Dugan,2008,113,5.5,163144,100.02
839,Exposed,Crime,Gee Malik Linton,2016,102,5.0,8409,
840,Maudie,Biography,Aisling Walsh,2016,115,7.8,346,
841,Horrible Bosses 2,Comedy,Sean Anders,2014,108,6.3,125190,54.41
844,The Princess and the Frog,Animation,Ron Clements,2009,97,7.1,95480,104.37
845,Unstoppable,Action,Tony Scott,2010,98,6.8,157499,81.56
846,Flight,Drama,Robert Zemeckis,2012,138,7.3,276347,93.75
847,Home,Animation,Tim Johnson,2015,94,6.7,77447,177.34
849,Mean Dreams,Thriller,Nathan Morlando,2016,108,6.3,1066,
850,42,Biography,Brian Helgeland,2013,128,7.5,69659,95.00
851,21,Crime,Robert Luketic,2008,123,6.8,198395,81.16
854,Vicky Cristina Barcelona,Drama,Woody Allen,2008,96,7.1,208770,23.21
855,Kung Fu Panda,Animation,Mark Osborne,2008,92,7.6,329788,215.40
856,Barbershop: The Next Cut,Comedy,Malcolm D. Lee,2016,111,5.9,9993,54.01
857,Terminator Salvation,Action,McG,2009,115,6.6,297093,125.32
858,Freedom Writers,Biography,Richard LaGravenese,2007,123,7.5,55648,36.58
859,The Hills Have Eyes,Horror,Alexandre Aja,2006,107,6.4,136642,41.78
860,Changeling,Biography,Clint Eastwood,2008,141,7.8,206793,35.71
862,Koe no katachi,Animation,Naoko Yamada,2016,129,8.4,2421,
863,"Alexander and the Terrible, Horrible, No Good, Very Bad Day",Comedy,Miguel Arteta,2014,81,6.2,32310,66.95
865,The 9th Life of Louis Drax,Mystery,Alexandre Aja,2016,108,6.3,6175,
869,Diary of a Wimpy Kid: Rodrick Rules,Comedy,David Bowers,2011,99,6.6,20194,52.69
870,Mission: Impossible III,Action,J.J. Abrams,2006,126,6.9,270429,133.38
873,Red Dawn,Action,Dan Bradley,2012,93,5.4,64584,44.80
875,Life as We Know It,Comedy,Greg Berlanti,2010,114,6.6,101301,53.36
876,28 Weeks Later,Drama,Juan Carlos Fresnadillo,2007,100,7.0,221858,28.64
877,Warm Bodies,Comedy,Jonathan Levine,2013,98,6.9,193579,66.36
878,Blue Jasmine,Drama,Woody Allen,2013,98,7.3,160592,33.40
879,G.I. Joe: Retaliation,Action,Jon M. Chu,2013,110,5.8,152145,122.51
880,Wrath of the Titans,Action,Jonathan Liebesman,2012,99,5.8,159230,83.64
882,Saving Mr. Banks,Biography,John Lee Hancock,2013,125,7.5,125693,83.30
883,Transcendence,Drama,Wally Pfister,2014,119,6.3,184564,23.01
884,Rio,Animation,Carlos Saldanha,2011,96,6.9,173919,143.62
886,Babel,Drama,Alejandro González Iñárritu,2006,143,7.5,253417,34.30
888,The Lucky One,Drama,Scott Hicks,2012,101,6.5,82874,60.44
889,Piranha 3D,Comedy,Alexandre Aja,2010,88,5.5,75262,25.00
890,50/50,Comedy,Jonathan Levine,2011,100,7.7,281625,34.96
891,The Intent,Crime,Femi Oyeniran,2016,104,5.0,202,
892,This Is 40,Comedy,Judd Apatow,2012,134,6.2,108156,67.52
893,Real Steel,Action,Shawn Levy,2011,127,7.1,264480,85.46
894,Sex and the City,Comedy,Michael Patrick King,2008,145,5.5,102547,152.64
895,Rambo,Action,Sylvester Stallone,2008,92,7.1,187077,42.72
896,Planet Terror,Action,Robert Rodriguez,2007,105,7.1,174553,
897,Concussion,Biography,Peter Landesman,2015,123,7.1,61274,34.53
899,The Ugly Truth,Comedy,Robert Luketic,2009,96,6.5,172558,88.92
900,Bride Wars,Comedy,Gary Winick,2009,89,5.5,83976,58.72
902,Snakes on a Plane,Action,David R. Ellis,2006,105,5.6,118905,34.01
904,How to Train Your Dragon 2,Animation,Dean DeBlois,2014,102,7.9,237565,177.00
905,RoboCop,Action,José Padilha,2014,117,6.2,190833,58.61
906,In Dubious Battle,Drama,James Franco,2016,110,6.2,1455,
908,Ocean's Thirteen,Crime,Steven Soderbergh,2007,122,6.9,269581,117.14
910,Contagion,Drama,Steven Soderbergh,2011,106,6.6,187004,75.64
912,I Am the Pretty Thing That Lives in the House,Thriller,Oz Perkins,2016,87,5.0,4204,
913,Bridge to Terabithia,Adventure,Gabor Csupo,2007,96,7.2,117297,82.23
915,Notorious,Biography,George Tillman Jr.,2009,122,6.7,33007,36.84
917,The Expendables 2,Action,Simon West,2012,103,6.6,257395,85.02
918,The Girl Next Door,Crime,Gregory Wilson,2007,91,6.7,19351,
920,The Golden Compass,Adventure,Chris Weitz,2007,113,6.1,155078,70.08
923,17 Again,Comedy,Burr Steers,2009,102,6.4,152808,64.15
924,No Escape,Action,John Erick Dowdle,2015,103,6.8,57921,27.29
925,Superman Returns,Action,Bryan Singer,2006,154,6.1,246797,200.07
926,The Twilight Saga: Breaking Dawn - Part 1,Adventure,Bill Condon,2011,117,5.0,190244,281.28
927,Precious,Drama,Lee Daniels,2009,110,7.3,91623,47.54
929,Good Kids,Comedy,Chris McCoy,2016,86,6.1,3843,
931,Footloose,Comedy,Craig Brewer,2011,113,5.9,39380,51.78
932,If I Stay,Drama,R.J. Cutler,2014,107,6.8,92170,50.46
933,The Ticket,Drama,Ido Fluk,2016,97,5.4,924,
934,Detour,Thriller,Christopher Smith,2016,97,6.3,2205,
936,Talladega Nights: The Ballad of Ricky Bobby,Action,Adam McKay,2006,108,6.6,137502,148.21
939,The Siege of Jadotville,Action,Richie Smyth,2016,108,7.3,14689,
940,Up in the Air,Drama,Jason Reitman,2009,109,7.4,279694,83.81
942,The Twilight Saga: Eclipse,Adventure,David Slade,2010,124,5.0,192740,300.52
943,Transpecos,Thriller,Greg Kwedar,2016,86,5.8,1292,
945,Riddick,Action,David Twohy,2013,119,6.4,132098,42.00
946,Triangle,Fantasy,Christopher Smith,2009,99,6.9,72533,
947,The Butler,Biography,Lee Daniels,2013,132,7.2,93322,116.63
949,After Earth,Action,M. Night Shyamalan,2013,100,5.0,166512,60.52
952,The Descendants,Comedy,Alexander Payne,2011,115,7.3,211348,82.62
953,Sex and the City 2,Comedy,Michael Patrick King,2010,146,5.0,62403,95.33
955,Death Race,Action,Paul W.S. Anderson,2008,105,6.4,173731,36.06
956,That Awkward Moment,Comedy,Tom Gormican,2014,94,6.2,81823,26.05
957,Legion,Action,Scott Stewart,2010,100,5.2,84158,40.17
958,End of Watch,Crime,David Ayer,2012,109,7.7,192190,40.98
959,3 Days to Kill,Action,McG,2014,117,6.2,73567,30.69
960,Lucky Number Slevin,Crime,Paul McGuigan,2006,110,7.8,271940,22.49
963,The Other Boleyn Girl,Biography,Justin Chadwick,2008,115,6.7,88260,26.81
965,Custody,Drama,James Lapine,2016,104,6.9,280,
966,Inland Empire,Drama,David Lynch,2006,180,7.0,44227,
967,L'odyssée,Adventure,Jérôme Salle,2016,122,6.7,1810,
969,Wrecker,Action,Micheal Bafaro,2015,83,5.0,1210,
970,The Lone Ranger,Action,Gore Verbinski,2013,150,6.5,190855,89.29
971,Texas Chainsaw 3D,Horror,John Luessenhop,2013,92,5.0,37060,34.33
972,Disturbia,Drama,D.J. Caruso,2007,105,6.9,193491,80.05
973,Rock of Ages,Comedy,Adam Shankman,2012,123,5.9,64513,38.51
974,Scream 4,Horror,Wes Craven,2011,111,6.2,108544,38.18
976,My Big Fat Greek Wedding 2,Comedy,Kirk Jones,2016,94,6.0,20966,59.57
977,Dark Places,Drama,Gilles Paquet-Brenner,2015,113,6.2,31634,
978,Amateur Night,Comedy,Lisa Addario,2016,92,5.0,2229,
979,It's Only the End of the World,Drama,Xavier Dolan,2016,97,7.0,10658,
981,Miracles from Heaven,Biography,Patricia Riggen,2016,109,7.0,12048,61.69
982,Annie,Comedy,Will Gluck,2014,118,5.3,27312,85.91
983,Across the Universe,Drama,Julie Taymor,2007,133,7.4,95172,24.34
984,Let's Be Cops,Comedy,Luke Greenfield,2014,104,6.5,112729,82.39
985,Max,Adventure,Boaz Yakin,2015,111,6.8,21405,42.65
986,Your Highness,Adventure,David Gordon Green,2011,102,5.6,87904,21.56
987,Final Destination 5,Horror,Steven Quale,2011,92,5.9,88000,42.58
988,Endless Love,Drama,Shana Feste,2014,104,6.3,33688,23.39
989,Martyrs,Horror,Pascal Laugier,2008,99,7.1,63785,
990,Selma,Biography,Ava DuVernay,2014,128,7.5,67637,52.07
991,Underworld: Rise of the Lycans,Action,Patrick Tatopoulos,2009,92,6.6,129708,45.80
994,Resident Evil: Afterlife,Action,Paul W.S. Anderson,2010,97,5.9,140900,60.13
995,Project X,Comedy,Nima Nourizadeh,2012,88,6.7,164088,54.72
996,Secret in Their Eyes,Crime,Billy Ray,2015,111,6.2,27585,
998,Step Up 2: The Streets,Drama,Jon M. Chu,2008,98,6.2,70699,58.01
999,Search Party,Adventure,Scot Armstrong,2014,93,5.6,4881,
